{"accuracy": 0.8728149487643159, "recall": 0.977922077922078, "precision": 0.6502590673575129, "f1_score": 0.7811203319502076}