{"perfo - accuracy": 0.945750452079566, "perfo - recall": 0.9441558441558442, "perfo - precision": 0.8414351851851852, "perfo - f1_score": 0.8898408812729499}