{"accuracy": 0.8969258589511754, "recall": 0.9818181818181818, "precision": 0.6974169741697417, "f1_score": 0.8155339805825242}