{"accuracy": 0.9150090415913201, "recall": 0.9545454545454546, "precision": 0.7484725050916496, "f1_score": 0.839041095890411}