{"accuracy": 0.9119951778179626, "recall": 0.9558441558441558, "precision": 0.7404426559356136, "f1_score": 0.8344671201814059}