{"accuracy": 0.918625678119349, "recall": 0.938961038961039, "precision": 0.7642706131078224, "f1_score": 0.8426573426573427}