{"accuracy": 0.9029535864978903, "recall": 0.9545454545454546, "precision": 0.7191780821917808, "f1_score": 0.8203125}