{"perfo - accuracy": 0.9237492465340567, "perfo - recall": 0.9493506493506494, "perfo - precision": 0.7735449735449735, "perfo - f1_score": 0.8524781341107871}