{"perfo - accuracy": 0.9219409282700421, "perfo - recall": 0.9506493506493506, "perfo - precision": 0.7681007345225603, "perfo - f1_score": 0.8496807893209518}