{"accuracy": 0.9234478601567209, "recall": 0.948051948051948, "precision": 0.7733050847457628, "f1_score": 0.851808634772462}